{
  "properties": {
    "connectionReferences": {
      "shared_sharepointonline": {
        "runtimeSource": "embedded",
        "connection": {
          "connectionReferenceLogicalName": "crb77_sharedsharepointonline_28f4a"
        },
        "api": {
          "name": "shared_sharepointonline"
        }
      },
      "shared_sharepointonline-1": {
        "runtimeSource": "embedded",
        "connection": {
          "connectionReferenceLogicalName": "crb77_sharedsharepointonline_5693b"
        },
        "api": {
          "name": "shared_sharepointonline"
        }
      },
      "shared_office365": {
        "runtimeSource": "embedded",
        "connection": {
          "connectionReferenceLogicalName": "crb77_sharedoffice365_7a01b"
        },
        "api": {
          "name": "shared_office365"
        }
      },
      "shared_approvals": {
        "runtimeSource": "embedded",
        "connection": {
          "connectionReferenceLogicalName": "crb77_sharedapprovals_b2631"
        },
        "api": {
          "name": "shared_approvals"
        }
      }
    },
    "definition": {
      "$schema": "https://schema.management.azure.com/providers/Microsoft.Logic/schemas/2016-06-01/workflowdefinition.json#",
      "contentVersion": "1.0.0.0",
      "parameters": {
        "$authentication": {
          "defaultValue": {},
          "type": "SecureObject"
        },
        "$connections": {
          "defaultValue": {},
          "type": "Object"
        }
      },
      "triggers": {
        "When_an_item_is_created_or_modified": {
          "recurrence": {
            "frequency": "Minute",
            "interval": 5
          },
          "splitOn": "@triggerOutputs()?['body/value']",
          "type": "OpenApiConnection",
          "inputs": {
            "parameters": {
              "dataset": "https://learnmyself04.sharepoint.com/sites/EmployeeCenter",
              "table": "Leave Requests"
            },
            "host": {
              "apiId": "/providers/Microsoft.PowerApps/apis/shared_sharepointonline",
              "connectionName": "shared_sharepointonline",
              "operationId": "GetOnUpdatedItems"
            },
            "authentication": "@parameters('$authentication')"
          }
        }
      },
      "actions": {
        "Condition_1": {
          "actions": {
            "Condition": {
              "actions": {
                "Update_item": {
                  "type": "OpenApiConnection",
                  "inputs": {
                    "parameters": {
                      "dataset": "https://learnmyself04.sharepoint.com/sites/EmployeeCenter",
                      "table": "a3d1bc7b-ba29-495b-be8f-3e59b33b472c",
                      "id": "@triggerBody()?['ID']",
                      "item/Status": "Approved",
                      "item/FlowStatus": "2"
                    },
                    "host": {
                      "apiId": "/providers/Microsoft.PowerApps/apis/shared_sharepointonline",
                      "connectionName": "shared_sharepointonline-1",
                      "operationId": "PatchItem"
                    },
                    "authentication": "@parameters('$authentication')"
                  }
                },
                "For_each": {
                  "foreach": "@outputs('Start_and_wait_for_an_approval_of_text')?['body/responses']",
                  "actions": {
                    "Send_an_email_(V2)": {
                      "type": "OpenApiConnection",
                      "inputs": {
                        "parameters": {
                          "emailMessage/To": "anu@learnmyself04.onmicrosoft.com",
                          "emailMessage/Subject": "Your leave request has been approved",
                          "emailMessage/Body": "<p>Dear @{triggerBody()?['Author']?['DisplayName']},</p><br><p>Your leave request is approved.</p><br><p>Approver Comments:<br>@{items('For_each')?['comments']}</p><br><p>Thanks</p><br>",
                          "emailMessage/Importance": "Normal"
                        },
                        "host": {
                          "apiId": "/providers/Microsoft.PowerApps/apis/shared_office365",
                          "connectionName": "shared_office365",
                          "operationId": "SendEmailV2"
                        },
                        "authentication": "@parameters('$authentication')"
                      }
                    }
                  },
                  "runAfter": {
                    "Update_item": [
                      "Succeeded"
                    ]
                  },
                  "type": "Foreach"
                }
              },
              "runAfter": {
                "Start_and_wait_for_an_approval_of_text": [
                  "Succeeded"
                ]
              },
              "else": {
                "actions": {
                  "Update_item_1": {
                    "type": "OpenApiConnection",
                    "inputs": {
                      "parameters": {
                        "dataset": "https://learnmyself04.sharepoint.com/sites/EmployeeCenter",
                        "table": "a3d1bc7b-ba29-495b-be8f-3e59b33b472c",
                        "id": "@triggerBody()?['ID']",
                        "item/Status": "Rejected",
                        "item/FlowStatus": "3"
                      },
                      "host": {
                        "apiId": "/providers/Microsoft.PowerApps/apis/shared_sharepointonline",
                        "connectionName": "shared_sharepointonline-1",
                        "operationId": "PatchItem"
                      },
                      "authentication": "@parameters('$authentication')"
                    }
                  },
                  "For_each_1": {
                    "foreach": "@outputs('Start_and_wait_for_an_approval_of_text')?['body/responses']",
                    "actions": {
                      "Send_an_email_(V2)_1": {
                        "type": "OpenApiConnection",
                        "inputs": {
                          "parameters": {
                            "emailMessage/To": "anu@learnmyself04.onmicrosoft.com",
                            "emailMessage/Subject": "Your leave Request has been Rejected",
                            "emailMessage/Body": "<p>Dear @{body('Update_item_1')?['Author']?['DisplayName']},</p><br><p>Your leave request has been rejected.</p><br><p>Approver Comments:</p><p>@{items('For_each_1')?['comments']}</p><br><br><p>Thanks</p><br>",
                            "emailMessage/Importance": "Normal"
                          },
                          "host": {
                            "apiId": "/providers/Microsoft.PowerApps/apis/shared_office365",
                            "connectionName": "shared_office365",
                            "operationId": "SendEmailV2"
                          },
                          "authentication": "@parameters('$authentication')"
                        }
                      }
                    },
                    "runAfter": {
                      "Update_item_1": [
                        "Succeeded"
                      ]
                    },
                    "type": "Foreach"
                  }
                }
              },
              "expression": {
                "and": [
                  {
                    "equals": [
                      "@outputs('Start_and_wait_for_an_approval_of_text')?['body/outcome']",
                      "Approve"
                    ]
                  }
                ]
              },
              "type": "If"
            },
            "Start_and_wait_for_an_approval_of_text": {
              "runAfter": {
                "Update_item_2": [
                  "Succeeded"
                ]
              },
              "type": "OpenApiConnectionWebhook",
              "inputs": {
                "parameters": {
                  "WebhookTextSuggestionApprovalCreationInput/title": "Leave Request Notification Email",
                  "WebhookTextSuggestionApprovalCreationInput/suggestedText": "Enter your comments",
                  "WebhookTextSuggestionApprovalCreationInput/assignedTo": "anu@learnmyself04.onmicrosoft.com",
                  "WebhookTextSuggestionApprovalCreationInput/details": "Dear Approver,\n\nThe leave request is pending for your approval.\n\nRequestor name: @{triggerBody()?['Author']?['DisplayName']}\nstart Date :@{triggerBody()?['StartDate']}\nEnd Date: @{triggerBody()?['EndDate']}\nLeave Type:@{triggerBody()?['LeaveType']?['Value']}\n\nClick the below link to continue\n",
                  "WebhookTextSuggestionApprovalCreationInput/itemLink": "https://apps.powerapps.com/play/e/default-4c4806cf-12ce-45b2-886e-2729b6626c10/a/17ed3014-aa74-4a97-b7f4-c14083a064bf?tenantId=4c4806cf-12ce-45b2-886e-2729b6626c10&hint=c559b150-a76e-42c0-8a44-94cc198ac193&sourcetime=1710341275213&source=portal&EditRequestID=@{triggerBody()?['ID']}",
                  "WebhookTextSuggestionApprovalCreationInput/itemLinkDescription": "View Request",
                  "WebhookTextSuggestionApprovalCreationInput/enableNotifications": true,
                  "WebhookTextSuggestionApprovalCreationInput/enableReassignment": false
                },
                "host": {
                  "apiId": "/providers/Microsoft.PowerApps/apis/shared_approvals",
                  "connectionName": "shared_approvals",
                  "operationId": "StartAndWaitForATextSuggestionApproval"
                },
                "authentication": "@parameters('$authentication')"
              }
            },
            "Update_item_2": {
              "type": "OpenApiConnection",
              "inputs": {
                "parameters": {
                  "dataset": "https://learnmyself04.sharepoint.com/sites/EmployeeCenter",
                  "table": "a3d1bc7b-ba29-495b-be8f-3e59b33b472c",
                  "id": "@triggerBody()?['ID']",
                  "item/ItemViewText": "<a href='https://apps.powerapps.com/play/e/default-4c4806cf-12ce-45b2-886e-2729b6626c10/a/17ed3014-aa74-4a97-b7f4-c14083a064bf?tenantId=4c4806cf-12ce-45b2-886e-2729b6626c10&hint=c559b150-a76e-42c0-8a44-94cc198ac193&sourcetime=1710341275213&source=portal&EditRequestID=@{triggerBody()?['ID']}' target='_blank'>Link</a>",
                  "item/UserName": "@triggerBody()?['Author']?['DisplayName']",
                  "item/FlowStatus": "1",
                  "item/UserEmailAddress": "@triggerBody()?['Author']?['Email']"
                },
                "host": {
                  "apiId": "/providers/Microsoft.PowerApps/apis/shared_sharepointonline",
                  "connectionName": "shared_sharepointonline-1",
                  "operationId": "PatchItem"
                },
                "authentication": "@parameters('$authentication')"
              }
            }
          },
          "runAfter": {},
          "else": {
            "actions": {}
          },
          "expression": {
            "and": [
              {
                "equals": [
                  "@triggerBody()?['FlowStatus']",
                  "0"
                ]
              }
            ]
          },
          "type": "If"
        }
      },
      "outputs": {}
    },
    "templateName": null
  },
  "schemaVersion": "1.0.0.0"
}